{
  "type": "FeatureCollection",
  "features": [
    {
      "type": "Feature",
      "geometry": {
        "type": "LineString",
        "coordinates": [
          [
            -94.8712828006122,
            29.7859371849338
          ],
          [
            -94.8733957340992,
            29.7845138695697
          ],
          [
            -94.8738482342045,
            29.7842322994965
          ],
          [
            -94.8742036742888,
            29.7840477994467
          ],
          [
            -94.8745806943794,
            29.7838810193998
          ],
          [
            -94.8751226945114,
            29.7836806293406
          ],
          [
            -94.8755446046158,
            29.7835643193028
          ],
          [
            -94.8759798447253,
            29.7834858692724
          ],
          [
            -94.881376416095,
            29.7828013389551
          ],
          [
            -94.8821019962804,
            29.7827393789187
          ],
          [
            -94.8831112765406,
            29.7827072988792
          ],
          [
            -94.8838106167189,
            29.7826362288418
          ],
          [
            -94.8931907290925,
            29.7812835682564
          ],
          [
            -94.8935625891858,
            29.7812133682298
          ],
          [
            -94.8937401792299,
            29.7811657682142
          ],
          [
            -94.8940529993053,
            29.7810346681768
          ],
          [
            -94.8943208793674,
            29.7808626981324
          ],
          [
            -94.8945584994197,
            29.7806450380795
          ],
          [
            -94.8947423694563,
            29.7803854380197
          ],
          [
            -94.8948651994758,
            29.7800961579556
          ],
          [
            -94.8949282594789,
            29.7797852978891
          ],
          [
            -94.8949367094456,
            29.7789536877162
          ],
          [
            -94.8949868694441,
            29.7786129576438
          ],
          [
            -94.8951212094651,
            29.7782900575724
          ],
          [
            -94.8952172894836,
            29.778139147538
          ],
          [
            -94.895456529534,
            29.7778666974737
          ],
          [
            -94.8955991595659,
            29.7777481874445
          ],
          [
            -94.8957582396027,
            29.7776451074179
          ],
          [
            -94.895931929644,
            29.7775568873939
          ],
          [
            -94.8961195096895,
            29.777485247373
          ],
          [
            -94.8963179697387,
            29.7774322873556
          ],
          [
            -94.8999574006554,
            29.7768113171086
          ],
          [
            -94.9002941907395,
            29.7767359170819
          ],
          [
            -94.9005224407953,
            29.7766579370584
          ],
          [
            -94.9008257908667,
            29.7764881070133
          ],
          [
            -94.9010900409257,
            29.7762655769585
          ],
          [
            -94.9013407309776,
            29.7759578968865
          ],
          [
            -94.9017395110567,
            29.7753898667557
          ],
          [
            -94.9018715810839,
            29.7752263267175
          ],
          [
            -94.9020463111218,
            29.7750527966758
          ],
          [
            -94.9022652911716,
            29.7748910266351
          ],
          [
            -94.902524191233,
            29.7747557065986
          ],
          [
            -94.9028140213038,
            29.7746547665682
          ],
          [
            -94.9029691513424,
            29.7746191265558
          ],
          [
            -94.9045017917272,
            29.7743289664459
          ],
          [
            -94.9077650225493,
            29.7737759462251
          ],
          [
            -94.9116468035288,
            29.7731580159709
          ],
          [
            -94.9127471538054,
            29.7729575858936
          ],
          [
            -94.9132451039319,
            29.7728991258654
          ],
          [
            -94.9140043141266,
            29.7728514258308
          ],
          [
            -94.9141442441627,
            29.7728478658255
          ],
          [
            -94.9144946242552,
            29.7728865358222
          ]
        ]
      },
      "properties": {
        "csj": "1024-01-077",
        "highway": "FM 565",
        "county": "Chambers",
        "estLetDateRange": "FY 2027-2030"
      }
    },
    {
      "type": "Feature",
      "geometry": {
        "type": "LineString",
        "coordinates": [
          [
            -94.8518090507105,
            30.4242272103402
          ],
          [
            -94.8495199561733,
            30.4254829816762
          ],
          [
            -94.8492477661108,
            30.4256604917219
          ],
          [
            -94.8491498820892,
            30.4257460837429
          ]
        ]
      },
      "properties": {
        "csj": "0813-01-110",
        "highway": "FM 787",
        "county": "Liberty",
        "estLetDateRange": "FY 2027-2030"
      }
    },
    {
      "type": "Feature",
      "geometry": {
        "type": "LineString",
        "coordinates": [
          [
            -94.8996934914983,
            29.8215238453939
          ],
          [
            -94.8991452973582,
            29.8215697104213
          ],
          [
            -94.8985371672029,
            29.821622600452
          ],
          [
            -94.896302837632,
            29.8218157705649
          ],
          [
            -94.8949396672836,
            29.8219304406331
          ],
          [
            -94.8934908969137,
            29.8220612707075
          ],
          [
            -94.8918886875042,
            29.8221969407878
          ],
          [
            -94.889950527009,
            29.8223649108857
          ],
          [
            -94.8882352575704,
            29.8225054309708
          ],
          [
            -94.8864230771076,
            29.8226669410633
          ],
          [
            -94.8848660977095,
            29.8227961511408
          ],
          [
            -94.883638597396,
            29.8229043612033
          ],
          [
            -94.8814825268454,
            29.823099690314
          ],
          [
            -94.8770427367107,
            29.8234796505375
          ],
          [
            -94.8749579771782,
            29.823666070644
          ],
          [
            -94.8718733273901,
            29.8239368308007
          ],
          [
            -94.8638552173411,
            29.8246356412069
          ],
          [
            -94.8501544968378,
            29.8257891108925
          ],
          [
            -94.8466926669529,
            29.8260921710681
          ],
          [
            -94.845992046774,
            29.8261583211046
          ],
          [
            -94.8433435370974,
            29.8263979502406
          ],
          [
            -94.8425966469064,
            29.8264602002779
          ],
          [
            -94.8273470670078,
            29.82778716105
          ],
          [
            -94.825371117503,
            29.8279670411516
          ],
          [
            -94.8230578669114,
            29.8281672802686
          ],
          [
            -94.8209963573845,
            29.8283503603737
          ],
          [
            -94.8189767968682,
            29.8285296204767
          ],
          [
            -94.8159884571042,
            29.8287927906286
          ],
          [
            -94.8125710272304,
            29.8290922008021
          ],
          [
            -94.8109424068141,
            29.8292390408856
          ],
          [
            -94.8092413273792,
            29.8293897009723
          ],
          [
            -94.8071588368468,
            29.8295746810785
          ],
          [
            -94.8059418975366,
            29.8297028111448
          ],
          [
            -94.8047470172337,
            29.8298696802183
          ],
          [
            -94.8039193330251,
            29.8300135002751
          ]
        ]
      },
      "properties": {
        "csj": "0508-02-139",
        "highway": "IH 10",
        "county": "Chambers",
        "estLetDateRange": "FY 2027-2030"
      }
    },
    {
      "type": "Feature",
      "geometry": {
        "type": "LineString",
        "coordinates": [
          [
            -94.7435298050313,
            30.0535658785978
          ],
          [
            -94.7434892270204,
            30.0535592005977
          ],
          [
            -94.7411096463858,
            30.0531821105985
          ],
          [
            -94.7405548162384,
            30.0531090706019
          ],
          [
            -94.7396587369998,
            30.0529764706041
          ],
          [
            -94.7382085166131,
            30.052748150605
          ],
          [
            -94.7366700862028,
            30.0525059306058
          ],
          [
            -94.7311426467287,
            30.0516355006088
          ],
          [
            -94.7191695165351,
            30.0497491706152
          ],
          [
            -94.7176741361363,
            30.0495149006162
          ],
          [
            -94.7150627364391,
            30.0490889306145
          ],
          [
            -94.7132310269462,
            30.0487039805955
          ],
          [
            -94.7125748367701,
            30.0485756105907
          ],
          [
            -94.7109623763395,
            30.0483108205893
          ],
          [
            -94.7056282569164,
            30.0474690805916
          ],
          [
            -94.6970900466385,
            30.0461250805961
          ],
          [
            -94.6950155160852,
            30.0458000105975
          ],
          [
            -94.6938996867887,
            30.0456522106038
          ],
          [
            -94.6922586463539,
            30.0454662706196
          ],
          [
            -94.685261986488,
            30.0443851406273
          ],
          [
            -94.6846135363151,
            30.044284300628
          ],
          [
            -94.6840577661662,
            30.0441837706255
          ],
          [
            -94.6830916569057,
            30.0439703906133
          ],
          [
            -94.6827125068028,
            30.0438706506052
          ],
          [
            -94.6822922666884,
            30.0437533105948
          ],
          [
            -94.6815982564986,
            30.0435390905734
          ],
          [
            -94.6777584364366,
            30.0420793303981
          ],
          [
            -94.6774732863586,
            30.0419908403892
          ],
          [
            -94.6771773662776,
            30.0418990203799
          ],
          [
            -94.6768050561777,
            30.0418274903775
          ],
          [
            -94.6764488460825,
            30.0417668203767
          ],
          [
            -94.6760716569822,
            30.0417166603788
          ],
          [
            -94.6757012568855,
            30.0417073503891
          ],
          [
            -94.6742107564983,
            30.04171523044
          ],
          [
            -94.6731600362255,
            30.041720660476
          ],
          [
            -94.672071586942,
            30.0417105205099
          ],
          [
            -94.6710173466688,
            30.0417316305492
          ],
          [
            -94.6699736063967,
            30.0417150005803
          ],
          [
            -94.6689204561229,
            30.0417132806147
          ],
          [
            -94.6683358869699,
            30.0416913206295
          ],
          [
            -94.667504136749,
            30.0415857806352
          ],
          [
            -94.6668840265836,
            30.0414889206357
          ],
          [
            -94.6644387169311,
            30.0411069406374
          ],
          [
            -94.6576573761205,
            30.0400232706372
          ],
          [
            -94.6558178066254,
            30.0396382806183
          ],
          [
            -94.6530963768979,
            30.0391862306146
          ],
          [
            -94.6449961067355,
            30.0379083306177
          ],
          [
            -94.6414589267915,
            30.03735497062
          ],
          [
            -94.6377886668114,
            30.0367708006203
          ],
          [
            -94.6298038866795,
            30.0355101006229
          ],
          [
            -94.6267816468726,
            30.0350327806239
          ],
          [
            -94.6256185865605,
            30.0348151106172
          ],
          [
            -94.623865936087,
            30.0344120505915
          ],
          [
            -94.6201422460796,
            30.0335247705306
          ],
          [
            -94.6019750061672,
            30.0292636502472
          ],
          [
            -94.600750126836,
            30.0289781002284
          ],
          [
            -94.6000417366447,
            30.0288163702183
          ],
          [
            -94.5998697765982,
            30.0287770802158
          ]
        ]
      },
      "properties": {
        "csj": "0028-04-069",
        "highway": "US 90",
        "county": "Liberty",
        "estLetDateRange": "FY 2027-2030"
      }
    },
    {
      "type": "Feature",
      "geometry": {
        "type": "LineString",
        "coordinates": [
          [
            -94.7828294264536,
            30.0584847013119
          ],
          [
            -94.781285437056,
            30.0585626713793
          ],
          [
            -94.7794657665846,
            30.0585865614446
          ],
          [
            -94.7791125464932,
            30.0585937114578
          ],
          [
            -94.7784114763114,
            30.0586007514825
          ],
          [
            -94.7778440061638,
            30.0585939904999
          ],
          [
            -94.7774973570736,
            30.0585900805106
          ],
          [
            -94.7765843568351,
            30.0585580605343
          ],
          [
            -94.7755949465758,
            30.0585028605557
          ],
          [
            -94.7749592264082,
            30.0584470105653
          ],
          [
            -94.7741480361934,
            30.0583512605724
          ],
          [
            -94.7733277469753,
            30.0582343205754
          ],
          [
            -94.7723220667086,
            30.058109850583
          ],
          [
            -94.7715202264956,
            30.0579998505868
          ],
          [
            -94.7702643361594,
            30.057770250581
          ],
          [
            -94.7680646865732,
            30.0574289005834
          ],
          [
            -94.7643422865812,
            30.0568523605876
          ],
          [
            -94.7578332768466,
            30.0558485305958
          ],
          [
            -94.7549083070669,
            30.0553914805982
          ],
          [
            -94.7530160465625,
            30.0550991506005
          ],
          [
            -94.7501927868094,
            30.0546472606006
          ],
          [
            -94.7485083563604,
            30.0543851806023
          ],
          [
            -94.7434892270204,
            30.0535592005977
          ]
        ]
      },
      "properties": {
        "csj": "0028-04-077",
        "highway": "US 90",
        "county": "Liberty",
        "estLetDateRange": "FY 2027-2030"
      }
    },
    {
      "type": "Feature",
      "geometry": {
        "type": "LineString",
        "coordinates": [
          [
            -94.899152662359,
            29.8215428664155
          ],
          [
            -94.8996021574053,
            29.819904001061
          ],
          [
            -94.9024990177259,
            29.8098586308831
          ],
          [
            -94.9032005567947,
            29.8072173503124
          ],
          [
            -94.9035411168259,
            29.8058829710245
          ],
          [
            -94.9037666068404,
            29.8048561108041
          ],
          [
            -94.9041467068415,
            29.802577400319
          ],
          [
            -94.9042749168468,
            29.8019249311795
          ],
          [
            -94.9044649868646,
            29.8011898010208
          ],
          [
            -94.9048026469085,
            29.8001688807981
          ],
          [
            -94.9049331069298,
            29.799875970733
          ],
          [
            -94.9055052870302,
            29.7987566704822
          ],
          [
            -94.9059973871211,
            29.7979007402887
          ],
          [
            -94.9065139672215,
            29.7971161811091
          ],
          [
            -94.9087899676717,
            29.7938492203573
          ],
          [
            -94.9094003677873,
            29.7928527011307
          ],
          [
            -94.9097104668426,
            29.792266440999
          ],
          [
            -94.9100532269003,
            29.7915381208367
          ],
          [
            -94.9103755669493,
            29.7907301206586
          ],
          [
            -94.9106024769797,
            29.7900657305134
          ],
          [
            -94.9108276570034,
            29.7892523203373
          ],
          [
            -94.9111989970263,
            29.7875373809694
          ],
          [
            -94.9113822670412,
            29.7867719608046
          ],
          [
            -94.9124113771607,
            29.7833254010561
          ],
          [
            -94.9126257371818,
            29.7825195508819
          ],
          [
            -94.9128273171978,
            29.7816712206993
          ],
          [
            -94.9130889372075,
            29.7803092904082
          ],
          [
            -94.9132720071995,
            29.7790085511323
          ],
          [
            -94.9133304771923,
            29.7784844510217
          ],
          [
            -94.9133528571889,
            29.7782697909764
          ],
          [
            -94.9135595471363,
            29.7757812404533
          ],
          [
            -94.9136127871313,
            29.77533987036
          ],
          [
            -94.9137323071369,
            29.7747455412327
          ],
          [
            -94.9138884471545,
            29.7742081211161
          ],
          [
            -94.9140922771841,
            29.7736644409967
          ],
          [
            -94.9143740972322,
            29.7730805408664
          ],
          [
            -94.9144877272531,
            29.7728813208213
          ],
          [
            -94.9146695372869,
            29.7725681007504
          ],
          [
            -94.9150731973669,
            29.7719915306177
          ],
          [
            -94.9156018344776,
            29.7713748004725
          ]
        ]
      },
      "properties": {
        "csj": "0389-02-058",
        "highway": "SH 146",
        "county": "Chambers",
        "estLetDateRange": "FY 2031-2036"
      }
    },
    {
      "type": "Feature",
      "geometry": {
        "type": "LineString",
        "coordinates": [
          [
            -95.1975841015899,
            29.2217621511035
          ],
          [
            -95.2109681885329,
            29.2091123600469
          ],
          [
            -95.2150205984284,
            29.2053916901443
          ],
          [
            -95.2179640330778,
            29.202666390484
          ]
        ]
      },
      "properties": {
        "csj": "2523-02-074",
        "highway": "FM 2004",
        "county": "Brazoria",
        "estLetDateRange": "FY 2027-2030"
      }
    },
    {
      "type": "Feature",
      "geometry": {
        "type": "LineString",
        "coordinates": [
          [
            -95.6324957083384,
            30.0894496443093
          ],
          [
            -95.632016503216,
            30.0894666673289
          ],
          [
            -95.6316267831194,
            30.0895484773587
          ],
          [
            -95.6314212030701,
            30.0896264273815
          ],
          [
            -95.6310180129758,
            30.0898369474381
          ],
          [
            -95.6235132812269,
            30.0938954785197
          ],
          [
            -95.6228466810706,
            30.0942358386116
          ],
          [
            -95.6217505608116,
            30.0947483987532
          ],
          [
            -95.6100611080304,
            30.0997935801772
          ],
          [
            -95.6092372478349,
            30.1001599902797
          ],
          [
            -95.6087858277268,
            30.1003406603319
          ],
          [
            -95.6083957176319,
            30.1004620303698
          ],
          [
            -95.6081586375732,
            30.1005116303879
          ],
          [
            -95.607785837479,
            30.100548820408
          ],
          [
            -95.6073041723555,
            30.1005581834261
          ]
        ]
      },
      "properties": {
        "csj": "2941-02-056",
        "highway": "FM 2920",
        "county": "Harris",
        "estLetDateRange": "FY 2027-2030"
      }
    },
    {
      "type": "Feature",
      "geometry": {
        "type": "LineString",
        "coordinates": [
          [
            -95.3502512208127,
            29.55900197343
          ],
          [
            -95.3500313787562,
            29.5590051214377
          ],
          [
            -95.3491321485257,
            29.5590361214729
          ],
          [
            -95.3481008082627,
            29.5591017805195
          ],
          [
            -95.3456081786225,
            29.5591528206099
          ],
          [
            -95.3319271781043,
            29.559332111085
          ],
          [
            -95.3310360778743,
            29.5593223211115
          ],
          [
            -95.3298914185786,
            29.5593069811449
          ],
          [
            -95.3279765580851,
            29.5593068812062
          ],
          [
            -95.3033076887401,
            29.5596450310658
          ],
          [
            -95.3003149779706,
            29.5596957311721
          ],
          [
            -95.2994919187598,
            29.5597272212049
          ],
          [
            -95.2991093686628,
            29.5597685712257
          ],
          [
            -95.2985607185255,
            29.5598675112638
          ],
          [
            -95.2983331784696,
            29.5599331212847
          ],
          [
            -95.2978789483594,
            29.5600980713334
          ],
          [
            -95.2973109182236,
            29.5603517214042
          ],
          [
            -95.2968672981191,
            29.5605877804673
          ],
          [
            -95.2964815280297,
            29.5608311005301
          ],
          [
            -95.2940244984683,
            29.5625510909652
          ],
          [
            -95.2936270283761,
            29.5627963210288
          ],
          [
            -95.2932837682951,
            29.5629778410774
          ],
          [
            -95.292749688167,
            29.563207291142
          ],
          [
            -95.2922759980516,
            29.5633667411902
          ],
          [
            -95.2918313179416,
            29.5634798612279
          ],
          [
            -95.291049388745,
            29.563600631278
          ],
          [
            -95.2901553585165,
            29.5636473613163
          ],
          [
            -95.2883709280575,
            29.5636749313791
          ],
          [
            -95.2881036279886,
            29.563676424388
          ]
        ]
      },
      "properties": {
        "csj": "0976-02-086",
        "highway": "FM 518",
        "county": "Brazoria",
        "estLetDateRange": "FY 2027-2030"
      }
    },
    {
      "type": "Feature",
      "geometry": {
        "type": "LineString",
        "coordinates": [
          [
            -95.3872284052095,
            29.5559213696082
          ],
          [
            -95.3861361769291,
            29.5559426056475
          ],
          [
            -95.3843462664703,
            29.5559959757159
          ],
          [
            -95.3835120762551,
            29.5559868557407
          ],
          [
            -95.3824414259779,
            29.5559544857683
          ],
          [
            -95.3815775557555,
            29.5559560657963
          ],
          [
            -95.3804882054766,
            29.5559950258393
          ],
          [
            -95.3712091730964,
            29.556235056186
          ],
          [
            -95.3700267227935,
            29.5562758162323
          ],
          [
            -95.3694162526379,
            29.5563159962602
          ],
          [
            -95.3688225624891,
            29.5564167163
          ],
          [
            -95.3684068723862,
            29.5565155763338
          ],
          [
            -95.3678680122543,
            29.5566810963853
          ],
          [
            -95.3675328921738,
            29.5568195564248
          ],
          [
            -95.366845932012,
            29.5571835965221
          ],
          [
            -95.3656116217276,
            29.557982176727
          ],
          [
            -95.365180721626,
            29.5582089367878
          ],
          [
            -95.364786671532,
            29.5583874768374
          ],
          [
            -95.364178691384,
            29.5585938268996
          ],
          [
            -95.3636903212633,
            29.5587159569405
          ],
          [
            -95.3631526711286,
            29.5588069869766
          ],
          [
            -95.3625819709835,
            29.5588525970043
          ],
          [
            -95.3526655634337,
            29.5589766963475
          ]
        ]
      },
      "properties": {
        "csj": "3416-01-012",
        "highway": "FM 518",
        "county": "Brazoria",
        "estLetDateRange": "FY 2027-2030"
      }
    },
    {
      "type": "Feature",
      "geometry": {
        "type": "LineString",
        "coordinates": [
          [
            -95.476661518364,
            29.4390976115593
          ],
          [
            -95.4765843553795,
            29.439952758739
          ],
          [
            -95.4763350954084,
            29.4421995892124
          ],
          [
            -95.4744515258503,
            29.4645400839008
          ],
          [
            -95.474401855856,
            29.4649852739946
          ],
          [
            -95.4736940160161,
            29.4732246457237
          ],
          [
            -95.4735504360277,
            29.4743910959699
          ],
          [
            -95.4733216760237,
            29.4757123562508
          ],
          [
            -95.4731164660108,
            29.4766710764558
          ],
          [
            -95.4729446259958,
            29.4773740066069
          ],
          [
            -95.472572605954,
            29.4786701968872
          ],
          [
            -95.4722621859133,
            29.4796128970923
          ],
          [
            -95.472021535879,
            29.4802773572376
          ],
          [
            -95.4656482449054,
            29.4962812607545
          ],
          [
            -95.4650367448134,
            29.4978490310986
          ],
          [
            -95.4645801247424,
            29.4989657813444
          ],
          [
            -95.4635562245867,
            29.5015507319122
          ],
          [
            -95.4633016745512,
            29.502268962069
          ],
          [
            -95.4627185844626,
            29.5037444323931
          ],
          [
            -95.4620213443557,
            29.5054830827753
          ],
          [
            -95.4612924082383,
            29.5071640661466
          ]
        ]
      },
      "properties": {
        "csj": "0111-03-064",
        "highway": "FM 521",
        "county": "Fort Bend",
        "estLetDateRange": "FY 2027-2030"
      }
    },
    {
      "type": "Feature",
      "geometry": {
        "type": "LineString",
        "coordinates": [
          [
            -95.8567701364452,
            29.8745459608966
          ],
          [
            -95.8540885087594,
            29.874578611992
          ],
          [
            -95.8402965982292,
            29.8746775824684
          ],
          [
            -95.828532528217,
            29.8747477918718
          ],
          [
            -95.8222620486119,
            29.8748008320899
          ],
          [
            -95.8205412481708,
            29.874801612147
          ],
          [
            -95.8156426289174,
            29.8748566723202
          ],
          [
            -95.8072229887612,
            29.8749153306106
          ]
        ]
      },
      "properties": {
        "csj": "1006-01-074",
        "highway": "FM 529",
        "county": "Harris",
        "estLetDateRange": "FY 2027-2030"
      }
    },
    {
      "type": "Feature",
      "geometry": {
        "type": "LineString",
        "coordinates": [
          [
            -95.8072198597604,
            29.8749153526107
          ],
          [
            -95.7986119385559,
            29.8749753219076
          ],
          [
            -95.7930155181231,
            29.8750299421037
          ],
          [
            -95.7760409287735,
            29.8751185216829
          ],
          [
            -95.7707138784091,
            29.8751662118687
          ],
          [
            -95.7668602284213,
            29.8751816719992
          ],
          [
            -95.7565255177737,
            29.8752683873585
          ]
        ]
      },
      "properties": {
        "csj": "1006-01-079",
        "highway": "FM 529",
        "county": "Harris",
        "estLetDateRange": "FY 2027-2030"
      }
    },
    {
      "type": "Feature",
      "geometry": {
        "type": "LineString",
        "coordinates": [
          [
            -95.8663878726986,
            29.7773645926863
          ],
          [
            -95.8646817292618,
            29.7773691817433
          ],
          [
            -95.8629706988236,
            29.7773717017999
          ],
          [
            -95.8597202489912,
            29.7773792719081
          ],
          [
            -95.8583741186466,
            29.7773858719536
          ],
          [
            -95.8573769783914,
            29.7773926219876
          ],
          [
            -95.856810999246,
            29.7773824920042
          ],
          [
            -95.8561192790692,
            29.7773933820291
          ],
          [
            -95.8555823889309,
            29.7773758320431
          ],
          [
            -95.8553713948767,
            29.7773719010492
          ]
        ]
      },
      "properties": {
        "csj": "0271-04-098",
        "highway": "IH 10",
        "county": "Waller",
        "estLetDateRange": "FY 2027-2030"
      }
    },
    {
      "type": "Feature",
      "geometry": {
        "type": "LineString",
        "coordinates": [
          [
            -95.8383795825212,
            29.7773315995982
          ],
          [
            -95.8355636818005,
            29.777352816695
          ],
          [
            -95.8323270409722,
            29.7773804368068
          ],
          [
            -95.8249802490915,
            29.7774318070582
          ],
          [
            -95.820187607865,
            29.7774748572242
          ],
          [
            -95.8196592377299,
            29.7774825672431
          ],
          [
            -95.8189177575421,
            29.7775334972779
          ],
          [
            -95.8183385473967,
            29.7776065173118
          ],
          [
            -95.8177575172528,
            29.7777213473544
          ],
          [
            -95.8172436071261,
            29.7778383973953
          ],
          [
            -95.8167282370005,
            29.7779889074431
          ],
          [
            -95.8163581169108,
            29.7781106974801
          ],
          [
            -95.8160842368456,
            29.778227287513
          ],
          [
            -95.8157218867598,
            29.7783912075585
          ],
          [
            -95.8154480066946,
            29.7785077975914
          ],
          [
            -95.8150355365981,
            29.7787203076485
          ],
          [
            -95.8146905565186,
            29.7789266877021
          ],
          [
            -95.8143448564395,
            29.7791497877592
          ],
          [
            -95.8140449763727,
            29.779383957817
          ],
          [
            -95.8136556362851,
            29.7796642478872
          ],
          [
            -95.8133076362077,
            29.7799399079551
          ],
          [
            -95.8122976139902,
            29.7808997391851
          ]
        ]
      },
      "properties": {
        "csj": "0271-05-025",
        "highway": "IH 10",
        "county": "Fort Bend",
        "estLetDateRange": "FY 2027-2030"
      }
    },
    {
      "type": "Feature",
      "geometry": {
        "type": "LineString",
        "coordinates": [
          [
            -95.8122976139902,
            29.7808997391851
          ],
          [
            -95.8121273859535,
            29.7810615082238
          ],
          [
            -95.8101253155215,
            29.7829456386758
          ],
          [
            -95.8096535954195,
            29.7833847187813
          ],
          [
            -95.809232435328,
            29.7837656288731
          ],
          [
            -95.8085372251689,
            29.7842092889869
          ],
          [
            -95.807780804992,
            29.7846030490925
          ],
          [
            -95.8071193948346,
            29.7848862791722
          ],
          [
            -95.8063627846497,
            29.7850945592397
          ],
          [
            -95.8057394144959,
            29.7852354592891
          ],
          [
            -95.8051189143401,
            29.7853106493249
          ],
          [
            -95.8043284841391,
            29.7853502993589
          ],
          [
            -95.8017979934923,
            29.7853962794514
          ],
          [
            -95.7944504216125,
            29.785487359711
          ],
          [
            -95.7909560507172,
            29.7855028398288
          ],
          [
            -95.7871217297321,
            29.7854591299456
          ],
          [
            -95.781704028337,
            29.7853233300955
          ],
          [
            -95.7806132980576,
            29.7853289101325
          ],
          [
            -95.7790990276678,
            29.7852964501755
          ],
          [
            -95.7778916373585,
            29.7853041002166
          ],
          [
            -95.7745870465099,
            29.7852777503196
          ],
          [
            -95.7695771752267,
            29.785317030492
          ],
          [
            -95.7661622643542,
            29.7853942406198
          ],
          [
            -95.7623795433852,
            29.7854232107498
          ],
          [
            -95.7598228027242,
            29.7853018608087
          ],
          [
            -95.7566095018963,
            29.7852182408969
          ],
          [
            -95.7518740556813,
            29.7852119650509
          ]
        ]
      },
      "properties": {
        "csj": "0271-06-117",
        "highway": "IH 10",
        "county": "Harris",
        "estLetDateRange": "FY 2027-2030"
      }
    },
    {
      "type": "Feature",
      "geometry": {
        "type": "LineString",
        "coordinates": [
          [
            -95.0896328433396,
            29.7904506297695
          ],
          [
            -95.0895362973154,
            29.7904692807765
          ],
          [
            -95.0889589071702,
            29.790564590815
          ],
          [
            -95.0880415079379,
            29.7906792708686
          ],
          [
            -95.0862955474934,
            29.7908440109596
          ],
          [
            -95.0852683272323,
            29.7909490010147
          ],
          [
            -95.0845460780493,
            29.7910378310566
          ],
          [
            -95.0841143779407,
            29.7911089510854
          ],
          [
            -95.0835580278009,
            29.7912022711228
          ],
          [
            -95.0830345376695,
            29.7912968411595
          ],
          [
            -95.0825506775497,
            29.7914216912011
          ],
          [
            -95.0821422274484,
            29.7915207512349
          ],
          [
            -95.0813656772567,
            29.7917347613045
          ],
          [
            -95.0739962674628,
            29.7943512410861
          ],
          [
            -95.0730886272423,
            29.7946847911847
          ],
          [
            -95.0725362471077,
            29.7948786112428
          ],
          [
            -95.0720646279915,
            29.7950126712859
          ],
          [
            -95.0715477878632,
            29.7951370313285
          ],
          [
            -95.0710729377442,
            29.7952274813627
          ],
          [
            -95.0705722476174,
            29.795290471392
          ],
          [
            -95.0698906674431,
            29.7953373114239
          ],
          [
            -95.0693770573104,
            29.7953405414413
          ],
          [
            -95.0689199671915,
            29.7953243914529
          ],
          [
            -95.068332068037,
            29.7952678614603
          ],
          [
            -95.0676165578473,
            29.7951580314609
          ],
          [
            -95.066838067638,
            29.7949739014481
          ],
          [
            -95.0663228374979,
            29.7948156214322
          ],
          [
            -95.0657898473516,
            29.7946153414081
          ],
          [
            -95.0650581971484,
            29.7942907013646
          ],
          [
            -95.0643200779429,
            29.7939515213185
          ],
          [
            -95.0629843675715,
            29.7933458512365
          ],
          [
            -95.0610631680372,
            29.7924706511179
          ],
          [
            -95.0598240576927,
            29.7919129310427
          ],
          [
            -95.0589988274635,
            29.7915444709933
          ],
          [
            -95.0583855772943,
            29.7912971609621
          ],
          [
            -95.0577294371143,
            29.7910574109338
          ],
          [
            -95.0572909479944,
            29.7909062409167
          ],
          [
            -95.0566594078232,
            29.7907242908996
          ],
          [
            -95.0561773976936,
            29.7906082008913
          ],
          [
            -95.0557837075884,
            29.7905299708879
          ],
          [
            -95.0553294474677,
            29.7904567808875
          ],
          [
            -95.054847437341,
            29.7904088408933
          ],
          [
            -95.0544386072339,
            29.7903785509003
          ],
          [
            -95.0540090771227,
            29.7903740109134
          ],
          [
            -95.0533581879546,
            29.7903820809362
          ],
          [
            -95.0529107978398,
            29.7904030809551
          ],
          [
            -95.0524327177176,
            29.790438610978
          ],
          [
            -95.0519126375855,
            29.790496761007
          ],
          [
            -95.0513311974388,
            29.7905823610437
          ],
          [
            -95.0506350772645,
            29.7907180310944
          ],
          [
            -95.0497725970504,
            29.7909296111663
          ],
          [
            -95.0491862979065,
            29.7911105112229
          ],
          [
            -95.0484465677261,
            29.7913673113001
          ],
          [
            -95.0478182875737,
            29.7916047413697
          ],
          [
            -95.0464793372485,
            29.792100580516
          ],
          [
            -95.0456315270427,
            29.7924167506091
          ],
          [
            -95.0405124878004,
            29.7943365511733
          ],
          [
            -95.0319350397172,
            29.7975191131117
          ]
        ]
      },
      "properties": {
        "csj": "0508-01-379",
        "highway": "IH 10",
        "county": "Harris",
        "estLetDateRange": "FY 2027-2030"
      }
    },
    {
      "type": "Feature",
      "geometry": {
        "type": "LineString",
        "coordinates": [
          [
            -95.3655227897065,
            29.7704772406522
          ],
          [
            -95.3651970976043,
            29.7700535215754
          ],
          [
            -95.364847608496,
            29.769627951499
          ],
          [
            -95.364315048338,
            29.7691429414163
          ],
          [
            -95.3640321182565,
            29.7689408513838
          ],
          [
            -95.3636422081457,
            29.768700721347
          ],
          [
            -95.3633164880531,
            29.7684986313159
          ],
          [
            -95.3624629678153,
            29.7680825712579
          ],
          [
            -95.3619399176689,
            29.7678139112195
          ],
          [
            -95.3612314184711,
            29.7674572911691
          ],
          [
            -95.3608938183783,
            29.7673217711521
          ],
          [
            -95.3606013782988,
            29.767226671142
          ],
          [
            -95.3602899282155,
            29.7671553411374
          ],
          [
            -95.360087838162,
            29.7671220611371
          ],
          [
            -95.3599209481186,
            29.7671120311405
          ],
          [
            -95.3597359180707,
            29.7671081411458
          ],
          [
            -95.3594895380076,
            29.7671169011556
          ],
          [
            -95.359289907957,
            29.7671373511663
          ],
          [
            -95.3590707979017,
            29.7671655911793
          ],
          [
            -95.3588361078435,
            29.7672181811978
          ],
          [
            -95.3585088977628,
            29.7673038812261
          ],
          [
            -95.3579820576347,
            29.7674830612803
          ],
          [
            -95.3569734083896,
            29.7678306013849
          ],
          [
            -95.3565909682967,
            29.7679624514245
          ],
          [
            -95.3559707581472,
            29.7682047214947
          ],
          [
            -95.3554781480293,
            29.7684163015544
          ],
          [
            -95.3548660078833,
            29.7686924916314
          ],
          [
            -95.353770947624,
            29.7692287117777
          ],
          [
            -95.3533170985162,
            29.7694419108365
          ],
          [
            -95.3530340184485,
            29.7695648108711
          ],
          [
            -95.3527032383686,
            29.769691160908
          ],
          [
            -95.3524425273051,
            29.7697785799345
          ]
        ]
      },
      "properties": {
        "csj": "0508-01-397",
        "highway": "IH 10",
        "county": "Harris",
        "estLetDateRange": "FY 2027-2030"
      }
    },
    {
      "type": "Feature",
      "geometry": {
        "type": "LineString",
        "coordinates": [
          [
            -95.3357081679685,
            29.7692480013705
          ],
          [
            -95.3350661178124,
            29.7694693714371
          ],
          [
            -95.3344620576668,
            29.7697067915058
          ],
          [
            -95.3332830083824,
            29.7701622616382
          ],
          [
            -95.3323914581671,
            29.7705030517376
          ],
          [
            -95.3303580076767,
            29.7712928509669
          ],
          [
            -95.3287829592967,
            29.7719032561443
          ]
        ]
      },
      "properties": {
        "csj": "0508-01-410",
        "highway": "IH 10",
        "county": "Harris",
        "estLetDateRange": "FY 2027-2030"
      }
    },
    {
      "type": "Feature",
      "geometry": {
        "type": "LineString",
        "coordinates": [
          [
            -95.3655053007132,
            29.7707395397069
          ],
          [
            -95.3656866607869,
            29.771369850831
          ],
          [
            -95.3663172709969,
            29.7724785810392
          ],
          [
            -95.3671981812843,
            29.7738852113005
          ],
          [
            -95.3681369315953,
            29.7754967216024
          ],
          [
            -95.3684593517045,
            29.7761074217178
          ],
          [
            -95.3686235517673,
            29.7765831918106
          ],
          [
            -95.3687125918119,
            29.7770911019124
          ],
          [
            -95.3687419618389,
            29.7775424220046
          ],
          [
            -95.3687060618768,
            29.7786444322331
          ],
          [
            -95.3685266918758,
            29.7796979624562
          ],
          [
            -95.3683905619049,
            29.7811936527692
          ],
          [
            -95.3684205019356,
            29.7817284988785
          ]
        ]
      },
      "properties": {
        "csj": "0500-03-599",
        "highway": "IH 45",
        "county": "Harris",
        "estLetDateRange": "FY 2027-2030"
      }
    },
    {
      "type": "Feature",
      "geometry": {
        "type": "MultiLineString",
        "coordinates": [
          [
            [
              -95.36158011711474,
              29.746126112245825
            ],
            [
              -95.36097566025647,
              29.746846242502247
            ],
            [
              -95.36035739301657,
              29.74758281257479
            ],
            [
              -95.35907267913731,
              29.7490362529163
            ],
            [
              -95.3590215044102,
              29.749086528637015
            ],
            [
              -95.35838967002957,
              29.74970725697319
            ],
            [
              -95.35785798041294,
              29.75032517546449
            ],
            [
              -95.3561618027303,
              29.752400229613293
            ],
            [
              -95.35604175709501,
              29.7525485088048
            ],
            [
              -95.35535249143521,
              29.753399872922397
            ],
            [
              -95.35503258879002,
              29.75379500282348
            ],
            [
              -95.3547615758503,
              29.754138417091614
            ],
            [
              -95.35413898461009,
              29.754927323074526
            ],
            [
              -95.35296649234716,
              29.75645776081541
            ],
            [
              -95.35241330275284,
              29.757265842963246
            ],
            [
              -95.35181646855561,
              29.757998498063348
            ],
            [
              -95.35123397716237,
              29.75873248499913
            ],
            [
              -95.35065920355655,
              29.759508530624668
            ],
            [
              -95.34781156779759,
              29.762709567613932
            ],
            [
              -95.3465484929938,
              29.764346961753123
            ],
            [
              -95.34569132337494,
              29.76535056727415
            ],
            [
              -95.34430769021651,
              29.766530871974737
            ],
            [
              -95.34316879080552,
              29.767312907643145
            ],
            [
              -95.34159054131253,
              29.769065591791755
            ]
          ],
          [
            [
              -95.34159054131253,
              29.769065591791755
            ],
            [
              -95.34043934488959,
              29.768926481264153
            ],
            [
              -95.33942523095686,
              29.768960879690944
            ],
            [
              -95.33818600319685,
              29.769013002190697
            ],
            [
              -95.33683806657679,
              29.76904303524225
            ],
            [
              -95.33631604864988,
              29.7690956376216
            ],
            [
              -95.33572347976603,
              29.76926096574989
            ]
          ],
          [
            [
              -95.34159054131253,
              29.769065591791755
            ],
            [
              -95.34096211583885,
              29.769810890678396
            ],
            [
              -95.34073667805784,
              29.7702666403567
            ],
            [
              -95.3404387427627,
              29.771082602956117
            ],
            [
              -95.34032715007754,
              29.771797874712693
            ],
            [
              -95.34028385353032,
              29.77293541001881
            ],
            [
              -95.3402184908703,
              29.774652633308722
            ]
          ],
          [
            [
              -95.34159054131253,
              29.769065591791755
            ],
            [
              -95.34349429635688,
              29.76939750462563
            ],
            [
              -95.34647094688351,
              29.769887126459533
            ],
            [
              -95.34810648327137,
              29.770082171007655
            ],
            [
              -95.3504116870321,
              29.77010361491729
            ],
            [
              -95.3512731470154,
              29.77003348789022
            ],
            [
              -95.3520880544442,
              29.769882289126965
            ],
            [
              -95.35377652360404,
              29.769891163327888
            ],
            [
              -95.35446549388986,
              29.769922550306195
            ],
            [
              -95.35545219081901,
              29.770033541139984
            ],
            [
              -95.35615715407664,
              29.770088283340062
            ],
            [
              -95.35676739327559,
              29.77009511720983
            ],
            [
              -95.3573732689414,
              29.770079566939188
            ],
            [
              -95.3591406601154,
              29.769759402256536
            ],
            [
              -95.36088214047986,
              29.769609600664335
            ],
            [
              -95.36170312621536,
              29.76960573397793
            ],
            [
              -95.36259099816479,
              29.76967942635877
            ],
            [
              -95.36356449299939,
              29.770016326702446
            ],
            [
              -95.36401630980711,
              29.770307265065593
            ],
            [
              -95.36534591462909,
              29.771163418986436
            ],
            [
              -95.36612016211647,
              29.77192467123892
            ],
            [
              -95.36707421197373,
              29.773407592933506
            ],
            [
              -95.36734937146697,
              29.773814202860738
            ],
            [
              -95.36801642881271,
              29.775099689845206
            ],
            [
              -95.3685533277113,
              29.775900803002123
            ],
            [
              -95.36905200250546,
              29.77644745607223
            ],
            [
              -95.37034731317748,
              29.77732814970562
            ],
            [
              -95.37107735916568,
              29.77767910627256
            ],
            [
              -95.37244583342553,
              29.778142235888552
            ]
          ]
        ]
      },
      "properties": {
        "csj": "0500-08-001",
        "highway": "IH 45",
        "county": "Harris",
        "estLetDateRange": "FY 2027-2030"
      }
    },
    {
      "type": "Feature",
      "geometry": {
        "type": "LineString",
        "coordinates": [
          [
            -95.3895429462533,
            29.7320622189437
          ],
          [
            -95.3892884751885,
            29.7320798019555
          ],
          [
            -95.3888697350816,
            29.7321019519737
          ],
          [
            -95.3883699149544,
            29.7321398419978
          ],
          [
            -95.3876941247812,
            29.7321619720243
          ],
          [
            -95.3858715743128,
            29.7321890220892
          ],
          [
            -95.3846505539996,
            29.7322212521355
          ],
          [
            -95.3841437638703,
            29.7322507221581
          ],
          [
            -95.383102063605,
            29.7323230422069
          ],
          [
            -95.3804042829189,
            29.7325349623383
          ],
          [
            -95.3786280624661,
            29.7326489924196
          ],
          [
            -95.3768905520229,
            29.7327533424976
          ],
          [
            -95.3753233416252,
            29.7328987925786
          ],
          [
            -95.3738227012424,
            29.7329881626458
          ],
          [
            -95.3732988011114,
            29.733081202682
          ],
          [
            -95.3728718010048,
            29.733163752713
          ],
          [
            -95.3723531008781,
            29.7333259927633
          ],
          [
            -95.3721124118202,
            29.7334227817911
          ]
        ]
      },
      "properties": {
        "csj": "0027-13-201",
        "highway": "IH 69",
        "county": "Harris",
        "estLetDateRange": "FY 2027-2030"
      }
    },
    {
      "type": "Feature",
      "geometry": {
        "type": "LineString",
        "coordinates": [
          [
            -95.8056979097827,
            30.3546979254289
          ],
          [
            -95.8028976690914,
            30.3552963356467
          ],
          [
            -95.787363325255,
            30.3585964168507
          ],
          [
            -95.7865056650452,
            30.3588229269261
          ],
          [
            -95.7857358948596,
            30.3590874370063
          ],
          [
            -95.7848374846464,
            30.3594674771143
          ],
          [
            -95.7840042744515,
            30.3598822772272
          ],
          [
            -95.7837934644027,
            30.3599978172578
          ],
          [
            -95.7831979242669,
            30.3603714373541
          ],
          [
            -95.7827380141632,
            30.3606859374338
          ],
          [
            -95.7823782940832,
            30.3609541875006
          ],
          [
            -95.777515143012,
            30.3648307084545
          ],
          [
            -95.7766674128268,
            30.3655399186277
          ],
          [
            -95.7761565027119,
            30.3658952787174
          ],
          [
            -95.7758699226479,
            30.3661047187697
          ],
          [
            -95.7735873321457,
            30.3679357892198
          ],
          [
            -95.7714721916787,
            30.3695979296299
          ],
          [
            -95.7680891309338,
            30.3723009802948
          ],
          [
            -95.7667731606433,
            30.3733351705501
          ],
          [
            -95.7641437200649,
            30.3754468710691
          ],
          [
            -95.7585668288493,
            30.3801735622203
          ],
          [
            -95.7580088587264,
            30.3806187023298
          ],
          [
            -95.7575362886204,
            30.380953472414
          ],
          [
            -95.7570011084976,
            30.3812732924974
          ],
          [
            -95.7564256583635,
            30.3815703625775
          ],
          [
            -95.7559872082599,
            30.3817660926323
          ],
          [
            -95.7554005381194,
            30.3819887326977
          ],
          [
            -95.7547837879698,
            30.3821824127582
          ],
          [
            -95.7481652363572,
            30.3840856233725
          ],
          [
            -95.7475298662036,
            30.3842944134368
          ],
          [
            -95.746731306014,
            30.3846322635328
          ],
          [
            -95.7462977559127,
            30.3848510335921
          ],
          [
            -95.7459109658232,
            30.3850663036492
          ],
          [
            -95.7453271456905,
            30.3854415637454
          ],
          [
            -95.7401696245358,
            30.3891520246761
          ],
          [
            -95.7392368243255,
            30.389791014838
          ],
          [
            -95.7386457941898,
            30.3901421949296
          ],
          [
            -95.7381646140775,
            30.3903886849962
          ],
          [
            -95.7375745339376,
            30.3906441250684
          ],
          [
            -95.7369025437759,
            30.3908825351399
          ],
          [
            -95.7362515136168,
            30.3910592751983
          ],
          [
            -95.7357286334878,
            30.3911742252396
          ],
          [
            -95.7352098033585,
            30.3912612252751
          ],
          [
            -95.7347455132418,
            30.3913165053024
          ],
          [
            -95.7344115131572,
            30.3913421853191
          ],
          [
            -95.7338690630183,
            30.39135269534
          ],
          [
            -95.7332705528637,
            30.3913337953567
          ],
          [
            -95.7327397227255,
            30.3912937653669
          ],
          [
            -95.7323471626223,
            30.3912447953705
          ],
          [
            -95.731813232481,
            30.3911546353706
          ],
          [
            -95.7310611922799,
            30.3909804353612
          ],
          [
            -95.7303714420925,
            30.3907595553401
          ],
          [
            -95.7287041916344,
            30.3901099252658
          ],
          [
            -95.7280728414623,
            30.3898936852436
          ],
          [
            -95.7276210113403,
            30.3897662352334
          ],
          [
            -95.7272211412334,
            30.3896735452283
          ],
          [
            -95.7264026910168,
            30.3895360552286
          ],
          [
            -95.7245188405248,
            30.389360765258
          ],
          [
            -95.7206819295251,
            30.3890594153291
          ],
          [
            -95.7160929483289,
            30.388684385411
          ],
          [
            -95.7149289880249,
            30.3885773054295
          ],
          [
            -95.7118220872154,
            30.3883349354873
          ],
          [
            -95.7108168569546,
            30.3882805855109
          ],
          [
            -95.7086085663871,
            30.3882782655865
          ],
          [
            -95.7047218753893,
            30.388300915725
          ],
          [
            -95.7018201546451,
            30.3883341458318
          ],
          [
            -95.7012207444907,
            30.3883249458506
          ],
          [
            -95.6977860036092,
            30.3883512859742
          ],
          [
            -95.6974158105158,
            30.3883884809945
          ]
        ]
      },
      "properties": {
        "csj": "0338-02-032",
        "highway": "SH 105",
        "county": "Montgomery",
        "estLetDateRange": "FY 2027-2030"
      }
    },
    {
      "type": "Feature",
      "geometry": {
        "type": "LineString",
        "coordinates": [
          [
            -95.1562923882275,
            29.712093589382
          ],
          [
            -95.1534948275013,
            29.7120113614555
          ],
          [
            -95.151645988022,
            29.7119729105074
          ],
          [
            -95.151065107871,
            29.7119521925219
          ]
        ]
      },
      "properties": {
        "csj": "0502-01-244",
        "highway": "SH 225",
        "county": "Harris",
        "estLetDateRange": "FY 2027-2030"
      }
    },
    {
      "type": "Feature",
      "geometry": {
        "type": "LineString",
        "coordinates": [
          [
            -95.3259362401714,
            29.6923875408128
          ],
          [
            -95.3211888283307,
            29.6778529209616
          ]
        ]
      },
      "properties": {
        "csj": "0178-09-019",
        "highway": "SH 35",
        "county": "Harris",
        "estLetDateRange": "FY 2027-2030"
      }
    },
    {
      "type": "Feature",
      "geometry": {
        "type": "LineString",
        "coordinates": [
          [
            -95.8082790393794,
            29.5321263711968
          ],
          [
            -95.808283219373,
            29.5319470811597
          ],
          [
            -95.8081857692672,
            29.5300196217659
          ],
          [
            -95.807922378821,
            29.5209907819146
          ],
          [
            -95.8078304793901,
            29.5112674719144
          ],
          [
            -95.8076316389864,
            29.5028398611843
          ],
          [
            -95.8073124194371,
            29.4916569318898
          ],
          [
            -95.8073232394122,
            29.4909960617532
          ],
          [
            -95.8073798894054,
            29.4904829816457
          ],
          [
            -95.8075894294205,
            29.4895599814488
          ],
          [
            -95.8077847894457,
            29.4889665213202
          ],
          [
            -95.8078436094545,
            29.4888163712874
          ]
        ]
      },
      "properties": {
        "csj": "0188-01-016",
        "highway": "SH 36",
        "county": "Fort Bend",
        "estLetDateRange": "FY 2027-2030"
      }
    },
    {
      "type": "Feature",
      "geometry": {
        "type": "LineString",
        "coordinates": [
          [
            -95.4763802395576,
            30.3648524578055
          ],
          [
            -95.4762150174954,
            30.3644228027237
          ],
          [
            -95.4751854870929,
            30.3614130621457
          ],
          [
            -95.4737669075444,
            30.3573997223765
          ],
          [
            -95.4732229273297,
            30.3557654820621
          ],
          [
            -95.47157513764,
            30.3499463019326
          ],
          [
            -95.4712861565191,
            30.3489255477345
          ]
        ]
      },
      "properties": {
        "csj": "0110-03-078",
        "highway": "SH 75",
        "county": "Montgomery",
        "estLetDateRange": "FY 2027-2030"
      }
    },
    {
      "type": "Feature",
      "geometry": {
        "type": "LineString",
        "coordinates": [
          [
            -95.4759313976382,
            30.3910448811563
          ],
          [
            -95.4761044766604,
            30.3905551940506
          ],
          [
            -95.4763521266917,
            30.3898456338976
          ],
          [
            -95.4767185667336,
            30.3886951336507
          ],
          [
            -95.4788359669612,
            30.3817383321611
          ],
          [
            -95.4793093470072,
            30.3800750718061
          ],
          [
            -95.4794413670123,
            30.3794416716725
          ],
          [
            -95.4795348370114,
            30.3788941315578
          ],
          [
            -95.4796122869969,
            30.3781407814017
          ],
          [
            -95.4796665069744,
            30.3773423512372
          ],
          [
            -95.4796739969361,
            30.3764595010571
          ],
          [
            -95.4796247368887,
            30.3757010609043
          ],
          [
            -95.4794875568043,
            30.37462562069
          ],
          [
            -95.4793246767263,
            30.3738381205351
          ],
          [
            -95.4791620566551,
            30.3731950604097
          ],
          [
            -95.4784888163734,
            30.3708234699497
          ],
          [
            -95.4781250062305,
            30.3697484597431
          ],
          [
            -95.4772475758928,
            30.3673008792746
          ],
          [
            -95.4766572966634,
            30.3656086739501
          ]
        ]
      },
      "properties": {
        "csj": "0110-03-079",
        "highway": "SH 75",
        "county": "Montgomery",
        "estLetDateRange": "FY 2027-2030"
      }
    },
    {
      "type": "Feature",
      "geometry": {
        "type": "LineString",
        "coordinates": [
          [
            -95.4785826956713,
            30.4205171730653
          ],
          [
            -95.4785630586638,
            30.420463000055
          ],
          [
            -95.4782260685354,
            30.4195574298822
          ],
          [
            -95.4776980883412,
            30.4182899396425
          ],
          [
            -95.4772685381771,
            30.4171270894206
          ],
          [
            -95.4742117869895,
            30.4084014977496
          ],
          [
            -95.4735918367367,
            30.4063700673573
          ],
          [
            -95.4732696566011,
            30.4052240471351
          ],
          [
            -95.4729967864814,
            30.4041445969247
          ],
          [
            -95.4729105764387,
            30.4036983768368
          ],
          [
            -95.4728341563901,
            30.4030664867108
          ],
          [
            -95.4728029363621,
            30.4026314466232
          ],
          [
            -95.4727957963364,
            30.4021098265173
          ],
          [
            -95.4728201763147,
            30.4014990263921
          ],
          [
            -95.4728683563064,
            30.4010455762981
          ],
          [
            -95.4729152863029,
            30.4007051262271
          ],
          [
            -95.47306380631,
            30.4000246960835
          ],
          [
            -95.4732248363245,
            30.3994329459575
          ],
          [
            -95.4735462763591,
            30.3983801457321
          ],
          [
            -95.4750987065335,
            30.3934485646744
          ],
          [
            -95.4754333465743,
            30.3924540044603
          ],
          [
            -95.475960919642,
            30.3909613571383
          ]
        ]
      },
      "properties": {
        "csj": "0110-03-080",
        "highway": "SH 75",
        "county": "Montgomery",
        "estLetDateRange": "FY 2027-2030"
      }
    },
    {
      "type": "Feature",
      "geometry": {
        "type": "LineString",
        "coordinates": [
          [
            -95.9131494577809,
            30.053999472647
          ],
          [
            -95.9132260679736,
            30.0578971824384
          ],
          [
            -95.9132181679908,
            30.058330942527
          ],
          [
            -95.9131390879975,
            30.0589385426534
          ],
          [
            -95.9130347479881,
            30.0593277727362
          ],
          [
            -95.9128195679568,
            30.0598636828526
          ],
          [
            -95.912522827904,
            30.0603855329689
          ],
          [
            -95.9122752688555,
            30.0607216620457
          ],
          [
            -95.912064408812,
            30.060958492101
          ],
          [
            -95.9117218887385,
            30.0612783321776
          ],
          [
            -95.9114407886768,
            30.0615104422344
          ],
          [
            -95.9104901984642,
            30.0622063324081
          ],
          [
            -95.9098641583218,
            30.0626112825116
          ],
          [
            -95.9088750481005,
            30.0633324526918
          ],
          [
            -95.9086100280398,
            30.0634942927336
          ],
          [
            -95.9074049387707,
            30.0643849229556
          ],
          [
            -95.9064738885577,
            30.0649604121041
          ],
          [
            -95.9058544884109,
            30.0652265721791
          ],
          [
            -95.9055987583495,
            30.0653197822067
          ],
          [
            -95.9051249682331,
            30.0654306822452
          ],
          [
            -95.9048472481642,
            30.0654824522651
          ],
          [
            -95.9044668180689,
            30.0655312622879
          ],
          [
            -95.9036718878665,
            30.0655583323201
          ],
          [
            -95.8991533287092,
            30.0655668824738
          ],
          [
            -95.8917588988092,
            30.0654457126978
          ],
          [
            -95.8903620284515,
            30.0654495027455
          ],
          [
            -95.8728333779685,
            30.0656510523759
          ],
          [
            -95.8600414086941,
            30.0657476428256
          ],
          [
            -95.8464464082145,
            30.0658694823074
          ],
          [
            -95.8461116481297,
            30.0658935523236
          ],
          [
            -95.845598948001,
            30.0659539623531
          ],
          [
            -95.8449133378308,
            30.0660799524018
          ],
          [
            -95.8442688086736,
            30.0662617224605
          ],
          [
            -95.8436054185148,
            30.0665145025344
          ],
          [
            -95.8431842384154,
            30.0667077325879
          ],
          [
            -95.8427981683256,
            30.0669151326432
          ],
          [
            -95.8411337179464,
            30.067983982917
          ],
          [
            -95.8405309978079,
            30.068345592011
          ],
          [
            -95.8400059586849,
            30.0686069020819
          ],
          [
            -95.8393297685231,
            30.068868392158
          ],
          [
            -95.8389091184214,
            30.0690043121998
          ],
          [
            -95.8383927682949,
            30.0691364622441
          ],
          [
            -95.8379937081958,
            30.0692093622724
          ],
          [
            -95.8373565380357,
            30.069283872309
          ],
          [
            -95.836642457854,
            30.0693160323396
          ],
          [
            -95.8122953586223,
            30.0695844422126
          ],
          [
            -95.8094153978848,
            30.0696110323148
          ],
          [
            -95.8086353786844,
            30.0696032123394
          ],
          [
            -95.8080482485317,
            30.0695547523493
          ],
          [
            -95.8074157783654,
            30.0694625823517
          ],
          [
            -95.806798988201,
            30.0693237823441
          ],
          [
            -95.8062842280618,
            30.0691626823287
          ],
          [
            -95.8058122579326,
            30.0689793623071
          ],
          [
            -95.8052677077816,
            30.0687249622735
          ],
          [
            -95.8035266082895,
            30.067700112123
          ],
          [
            -95.8030723781627,
            30.0674682620909
          ],
          [
            -95.8026952080587,
            30.0673039220701
          ],
          [
            -95.8021503779102,
            30.0671088920486
          ],
          [
            -95.8015688377537,
            30.0669434720344
          ],
          [
            -95.8010591486183,
            30.0668382620301
          ],
          [
            -95.8004942784698,
            30.0667574820326
          ],
          [
            -95.7999652683326,
            30.0667224320432
          ],
          [
            -95.7994066781889,
            30.0667149220604
          ],
          [
            -95.7988214700392,
            30.0667237390819
          ]
        ]
      },
      "properties": {
        "csj": "2941-01-026",
        "highway": "FM 2920",
        "county": "Harris",
        "estLetDateRange": "FY 2031-2036"
      }
    },
    {
      "type": "Feature",
      "geometry": {
        "type": "LineString",
        "coordinates": [
          [
            -95.7003631463573,
            30.0800127171016
          ],
          [
            -95.6994108801259,
            30.0803100131943
          ],
          [
            -95.6988268099832,
            30.0804742932475
          ],
          [
            -95.6985189399072,
            30.0805442732721
          ],
          [
            -95.6977116697056,
            30.0806723533254
          ],
          [
            -95.6969293495066,
            30.0807161933607
          ],
          [
            -95.6924350983535,
            30.0807450235175
          ],
          [
            -95.6919121482187,
            30.0807326935325
          ],
          [
            -95.6914852681069,
            30.0806856435373
          ],
          [
            -95.6909521179651,
            30.0805752035326
          ],
          [
            -95.6905264078499,
            30.0804441435202
          ],
          [
            -95.6901444077449,
            30.0802895935014
          ],
          [
            -95.6892000074821,
            30.0798324934398
          ],
          [
            -95.6886343073275,
            30.0796262134167
          ],
          [
            -95.6882825172332,
            30.0795368134103
          ],
          [
            -95.6879959071572,
            30.079483793409
          ],
          [
            -95.6876702270718,
            30.0794426034115
          ],
          [
            -95.6873456869875,
            30.0794227734184
          ],
          [
            -95.6658081414594,
            30.0795362641649
          ],
          [
            -95.6654814113761,
            30.079551724179
          ],
          [
            -95.6651255312865,
            30.0795924241992
          ],
          [
            -95.6646669711724,
            30.079677564232
          ],
          [
            -95.6639798010054,
            30.0798928442991
          ],
          [
            -95.6636332209233,
            30.0800482043425
          ],
          [
            -95.6632400508319,
            30.0802652644001
          ],
          [
            -95.6512413781059,
            30.088311446447
          ],
          [
            -95.6505980479584,
            30.0887137965508
          ],
          [
            -95.6503427978984,
            30.0888387865849
          ],
          [
            -95.6500068478182,
            30.0889772866245
          ],
          [
            -95.6495500177072,
            30.0891216166693
          ],
          [
            -95.6491727676141,
            30.0892068366994
          ],
          [
            -95.648805117522,
            30.0892615567229
          ],
          [
            -95.648355767408,
            30.0892952667449
          ],
          [
            -95.6354422900945,
            30.0894198442043
          ]
        ]
      },
      "properties": {
        "csj": "2941-01-028",
        "highway": "FM 2920",
        "county": "Harris",
        "estLetDateRange": "FY 2031-2036"
      }
    },
    {
      "type": "Feature",
      "geometry": {
        "type": "LineString",
        "coordinates": [
          [
            -95.7984703449494,
            30.0667290280948
          ],
          [
            -95.7857228376877,
            30.0669210725621
          ],
          [
            -95.7848622384685,
            30.0669591925988
          ],
          [
            -95.784226768309,
            30.0670373726361
          ],
          [
            -95.7836480181653,
            30.0671462826778
          ],
          [
            -95.7830332680156,
            30.0673276727354
          ],
          [
            -95.7827015279357,
            30.0674434227702
          ],
          [
            -95.782202667817,
            30.0676531528298
          ],
          [
            -95.7772849686561,
            30.0699260524587
          ],
          [
            -95.7767878485376,
            30.070130032517
          ],
          [
            -95.7760685983646,
            30.0703901925943
          ],
          [
            -95.7652282077399,
            30.07392655268
          ],
          [
            -95.7642722085088,
            30.0742458127773
          ],
          [
            -95.7636753283656,
            30.0744701728431
          ],
          [
            -95.763260208267,
            30.0746492118936
          ],
          [
            -95.7628417081688,
            30.0748583519503
          ],
          [
            -95.7623638580583,
            30.0751299120218
          ],
          [
            -95.7591838083343,
            30.0772031525517
          ],
          [
            -95.7582891981296,
            30.0777648326964
          ],
          [
            -95.7580412080719,
            30.0778980527319
          ],
          [
            -95.7572341878805,
            30.0782519428312
          ],
          [
            -95.756875607794,
            30.0783759818686
          ],
          [
            -95.7564013676783,
            30.0785132219126
          ],
          [
            -95.7556412084898,
            30.0786622619685
          ],
          [
            -95.7551199583587,
            30.0787215019981
          ],
          [
            -95.7545096982033,
            30.0787486420241
          ],
          [
            -95.7522615676281,
            30.078789322108
          ],
          [
            -95.751332038391,
            30.078822342146
          ],
          [
            -95.7507651182472,
            30.078861352173
          ],
          [
            -95.7430293182916,
            30.0795401225715
          ],
          [
            -95.7413829878764,
            30.0797060926607
          ],
          [
            -95.7368396877343,
            30.0802511819246
          ],
          [
            -95.7340990180426,
            30.0805197820716
          ],
          [
            -95.7335478479044,
            30.0805923421049
          ],
          [
            -95.7330270277747,
            30.0806838821411
          ],
          [
            -95.7300701380468,
            30.0813865123839
          ],
          [
            -95.7294666478969,
            30.0815011824276
          ],
          [
            -95.728472817649,
            30.0816637124942
          ],
          [
            -95.7258150779839,
            30.0820542126632
          ],
          [
            -95.7251825978245,
            30.0821194326978
          ],
          [
            -95.7247855177228,
            30.0821277327128
          ],
          [
            -95.7244240776295,
            30.0821146227223
          ],
          [
            -95.7241672175627,
            30.0820966227273
          ],
          [
            -95.7236762984334,
            30.0820227227287
          ],
          [
            -95.7214396478345,
            30.0814683826907
          ],
          [
            -95.7205124675851,
            30.0812143026699
          ],
          [
            -95.720093508471,
            30.0810687926543
          ],
          [
            -95.7195739383268,
            30.0808242126218
          ],
          [
            -95.7192774182428,
            30.0806478025958
          ],
          [
            -95.7180554478938,
            30.0798553724751
          ],
          [
            -95.7177160677986,
            30.0796744824495
          ],
          [
            -95.7173414076951,
            30.0795081624282
          ],
          [
            -95.7168478975605,
            30.079332662409
          ],
          [
            -95.7162409083971,
            30.0791625023946
          ],
          [
            -95.7159407283173,
            30.079100272392
          ],
          [
            -95.7152239781299,
            30.0790251924007
          ],
          [
            -95.7148578480353,
            30.0790128824105
          ],
          [
            -95.714227207874,
            30.0790283924349
          ],
          [
            -95.7107254879897,
            30.0793621226206
          ],
          [
            -95.7102017178564,
            30.0793910426442
          ],
          [
            -95.7088304185054,
            30.0794173226956
          ],
          [
            -95.7037166181928,
            30.0794329418706
          ],
          [
            -95.7026718279267,
            30.0794820219157
          ],
          [
            -95.702176287802,
            30.0795416119445
          ],
          [
            -95.7015055276354,
            30.079668741993
          ],
          [
            -95.7005842784107,
            30.0799362120785
          ],
          [
            -95.7002301283246,
            30.080046777113
          ]
        ]
      },
      "properties": {
        "csj": "2941-01-034",
        "highway": "FM 2920",
        "county": "Harris",
        "estLetDateRange": "FY 2031-2036"
      }
    },
    {
      "type": "Feature",
      "geometry": {
        "type": "LineString",
        "coordinates": [
          [
            -95.2270443876622,
            29.4294860524687
          ],
          [
            -95.2269473986373,
            29.4294886904723
          ],
          [
            -95.2265315285305,
            29.4295000204878
          ],
          [
            -95.2246930780594,
            29.4295766105619
          ],
          [
            -95.2222324884254,
            29.4295992806444
          ],
          [
            -95.2206086080078,
            29.4296308007023
          ],
          [
            -95.2187914985417,
            29.429699510774
          ],
          [
            -95.2162228488844,
            29.4298315308827
          ],
          [
            -95.2133434881458,
            29.4299385609959
          ],
          [
            -95.2093432081153,
            29.429979915131
          ]
        ]
      },
      "properties": {
        "csj": "1002-01-006",
        "highway": "FM 517",
        "county": "Brazoria",
        "estLetDateRange": "FY 2031-2036"
      }
    },
    {
      "type": "Feature",
      "geometry": {
        "type": "LineString",
        "coordinates": [
          [
            -95.2092651130954,
            29.4299859291347
          ],
          [
            -95.2084567758871,
            29.429994285162
          ],
          [
            -95.2075549556554,
            29.4300171451952
          ],
          [
            -95.2072016655658,
            29.4300563552146
          ],
          [
            -95.2067938754637,
            29.430130965243
          ],
          [
            -95.206344855353,
            29.4302560452832
          ],
          [
            -95.2059058752467,
            29.4304260653324
          ],
          [
            -95.2054922551484,
            29.4306295853878
          ],
          [
            -95.2050315850416,
            29.4309215254631
          ],
          [
            -95.2045698449381,
            29.4313045955574
          ],
          [
            -95.204169114852,
            29.4317226756571
          ],
          [
            -95.2023599544668,
            29.433702266126
          ],
          [
            -95.2020088843908,
            29.4340586262113
          ],
          [
            -95.2017237443269,
            29.4342935462692
          ],
          [
            -95.201324464235,
            29.4345618663376
          ],
          [
            -95.2007638841005,
            29.4348091864067
          ],
          [
            -95.2004568440252,
            29.4349035264361
          ],
          [
            -95.2001086839385,
            29.4349820064634
          ],
          [
            -95.1995453937959,
            29.4350463464946
          ],
          [
            -95.1942626524429,
            29.4353002167145
          ],
          [
            -95.1907066215353,
            29.4355473068783
          ],
          [
            -95.183773889759,
            29.4358666371639
          ],
          [
            -95.172898666953,
            29.4359013775149
          ],
          [
            -95.1718837766922,
            29.4359326675536
          ],
          [
            -95.1693539960448,
            29.436069787662
          ],
          [
            -95.1395231484517,
            29.4387333591594
          ],
          [
            -95.1384046981661,
            29.4388130392113
          ],
          [
            -95.1378427980211,
            29.4388145392294
          ],
          [
            -95.1355383774236,
            29.4387589992907
          ],
          [
            -95.1324790566231,
            29.4385100793355
          ],
          [
            -95.1299771559664,
            29.4382543593613
          ],
          [
            -95.124675564573,
            29.4376754494083
          ],
          [
            -95.1240695444148,
            29.4376330594187
          ],
          [
            -95.1232745142092,
            29.4376284794429
          ],
          [
            -95.1159754923298,
            29.4377769797044
          ],
          [
            -95.1148213320333,
            29.4378164597491
          ],
          [
            -95.1124732414355,
            29.4380299898677
          ],
          [
            -95.1029810990205,
            29.4389397303571
          ],
          [
            -95.099916368241,
            29.4392398805165
          ],
          [
            -95.0992651680764,
            29.4393282505555
          ],
          [
            -95.0988176779653,
            29.4394379405925
          ],
          [
            -95.0984013078639,
            29.439588640637
          ],
          [
            -95.0961035573085,
            29.4405195409035
          ],
          [
            -95.0931667665968,
            29.4416609812341
          ],
          [
            -95.0924283364186,
            29.4419696313217
          ]
        ]
      },
      "properties": {
        "csj": "1002-02-016",
        "highway": "FM 517",
        "county": "Galveston",
        "estLetDateRange": "FY 2031-2036"
      }
    },
    {
      "type": "Feature",
      "geometry": {
        "type": "LineString",
        "coordinates": [
          [
            -95.2447456556234,
            29.4390485258971
          ],
          [
            -95.2445114055678,
            29.4391652459288
          ],
          [
            -95.2444401955517,
            29.439222635943
          ],
          [
            -95.2442078255042,
            29.4395246560131
          ],
          [
            -95.2427499552164,
            29.4416590165029
          ],
          [
            -95.2397170746144,
            29.4460238475062
          ],
          [
            -95.2395946245912,
            29.4462279875525
          ],
          [
            -95.239280304529,
            29.4466831976571
          ],
          [
            -95.2385903943975,
            29.4478079279127
          ],
          [
            -95.2380147742878,
            29.4487463081261
          ],
          [
            -95.2370122730896,
            29.4502081734617
          ]
        ]
      },
      "properties": {
        "csj": "1414-02-016",
        "highway": "FM 528",
        "county": "Brazoria",
        "estLetDateRange": "FY 2031-2036"
      }
    },
    {
      "type": "Feature",
      "geometry": {
        "type": "LineString",
        "coordinates": [
          [
            -95.9599176638418,
            29.8741379113996
          ],
          [
            -95.9527226959884,
            29.8738640925819
          ],
          [
            -95.9513324556312,
            29.8738334226217
          ],
          [
            -95.9501391653257,
            29.8738307726607
          ],
          [
            -95.9342307412602,
            29.8739852532188
          ],
          [
            -95.9326932208668,
            29.8739901132707
          ],
          [
            -95.928114639697,
            29.8740443734334
          ],
          [
            -95.9193997874691,
            29.8741228037378
          ],
          [
            -95.9180895871336,
            29.8741233937813
          ],
          [
            -95.917174796902,
            29.8741810038234
          ],
          [
            -95.9168008868065,
            29.8741884338373
          ],
          [
            -95.9148107062975,
            29.8742015139058
          ],
          [
            -95.9145435662278,
            29.8741709339085
          ],
          [
            -95.9142850861612,
            29.8741609239149
          ],
          [
            -95.8948526111912,
            29.8743136045893
          ],
          [
            -95.8921784105066,
            29.874320204679
          ],
          [
            -95.8906090401051,
            29.8743316747333
          ],
          [
            -95.8569783914987,
            29.8745487158903
          ],
          [
            -95.8568354324621,
            29.8745504568954
          ]
        ]
      },
      "properties": {
        "csj": "1006-02-009",
        "highway": "FM 529",
        "county": "Waller",
        "estLetDateRange": "FY 2031-2036"
      }
    },
    {
      "type": "Feature",
      "geometry": {
        "type": "LineString",
        "coordinates": [
          [
            -95.8552756108523,
            29.777375168053
          ],
          [
            -95.8549947467802,
            29.7773699360612
          ],
          [
            -95.8515838758992,
            29.7772081061399
          ],
          [
            -95.8505963956448,
            29.7771757861656
          ],
          [
            -95.8495687853819,
            29.777184016201
          ],
          [
            -95.8483199250627,
            29.7772017462456
          ],
          [
            -95.8416478283571,
            29.7772946184835
          ]
        ]
      },
      "properties": {
        "csj": "0271-05-049",
        "highway": "IH 10",
        "county": "Fort Bend",
        "estLetDateRange": "FY 2031-2036"
      }
    },
    {
      "type": "Feature",
      "geometry": {
        "type": "LineString",
        "coordinates": [
          [
            -95.8552425198436,
            29.777369501053
          ],
          [
            -95.8549876187781,
            29.7773647520603
          ],
          [
            -95.8515767488972,
            29.7772029221391
          ],
          [
            -95.8505892586428,
            29.7771706021648
          ],
          [
            -95.8501086075198,
            29.7771744511814
          ]
        ]
      },
      "properties": {
        "csj": "0271-05-052",
        "highway": "IH 10",
        "county": "Fort Bend",
        "estLetDateRange": "FY 2031-2036"
      }
    },
    {
      "type": "Feature",
      "geometry": {
        "type": "LineString",
        "coordinates": [
          [
            -95.3354262919,
            29.7693451883997
          ],
          [
            -95.3350661178124,
            29.7694693714371
          ],
          [
            -95.3344620576668,
            29.7697067915058
          ],
          [
            -95.3332830083824,
            29.7701622616382
          ],
          [
            -95.3323914581671,
            29.7705030517376
          ],
          [
            -95.3303580076767,
            29.7712928509669
          ],
          [
            -95.3286201282574,
            29.7719663611626
          ],
          [
            -95.3273587079531,
            29.7724557413047
          ],
          [
            -95.3264267777281,
            29.7728126914088
          ],
          [
            -95.3261215596544,
            29.7729290634427
          ]
        ]
      },
      "properties": {
        "csj": "0508-01-396",
        "highway": "IH 10",
        "county": "Harris",
        "estLetDateRange": "FY 2031-2036"
      }
    },
    {
      "type": "Feature",
      "geometry": {
        "type": "LineString",
        "coordinates": [
          [
            -94.8335969951975,
            29.2891834445134
          ],
          [
            -94.8347074584731,
            29.2888833194159
          ],
          [
            -94.835353707635,
            29.2887447203668
          ],
          [
            -94.836030687807,
            29.2886604403281
          ],
          [
            -94.836806768006,
            29.2886096802933
          ],
          [
            -94.8376499182226,
            29.288561670257
          ],
          [
            -94.8383360884002,
            29.2885579402349
          ],
          [
            -94.839090048595,
            29.2885419102081
          ],
          [
            -94.840045657842,
            29.2885300201759
          ],
          [
            -94.8412301381485,
            29.288520100137
          ],
          [
            -94.8424482784664,
            29.2885738301104
          ],
          [
            -94.8437856178162,
            29.2886551200858
          ],
          [
            -94.8452957182115,
            29.2887541000596
          ],
          [
            -94.8463356084825,
            29.2887952600359
          ],
          [
            -94.8467942286017,
            29.2888022800231
          ],
          [
            -94.8473110577357,
            29.2888038700074
          ],
          [
            -94.8479231178931,
            29.2887741899821
          ],
          [
            -94.8485756280606,
            29.2887383399543
          ],
          [
            -94.8491400282047,
            29.2886832699252
          ],
          [
            -94.8501604084636,
            29.2885495198655
          ],
          [
            -94.850978107669,
            29.2883911298069
          ],
          [
            -94.8515595678147,
            29.2882664197627
          ],
          [
            -94.8521378279585,
            29.2881181497136
          ],
          [
            -94.8527531081108,
            29.287944039658
          ],
          [
            -94.8579431583864,
            29.2862383001392
          ],
          [
            -94.8591887576922,
            29.2858201600129
          ],
          [
            -94.8596770878134,
            29.2856910899706
          ],
          [
            -94.8601930579425,
            29.2855755599304
          ],
          [
            -94.860665298061,
            29.2854830698963
          ],
          [
            -94.8611927381951,
            29.2854176598663
          ],
          [
            -94.8616771483183,
            29.2853628998397
          ],
          [
            -94.8621750184456,
            29.2853211198155
          ],
          [
            -94.8627133085849,
            29.2853182197981
          ],
          [
            -94.86300309766,
            29.2853189197893
          ],
          [
            -94.8633274777447,
            29.2853360397828
          ],
          [
            -94.8637712978611,
            29.285369739776
          ],
          [
            -94.8642318479826,
            29.285423659773
          ],
          [
            -94.8647281781147,
            29.2855120097761
          ],
          [
            -94.86519838824,
            29.2855997397798
          ],
          [
            -94.8657128283786,
            29.2857300697911
          ],
          [
            -94.8662482585236,
            29.2858846798069
          ],
          [
            -94.8666937376459,
            29.2860551698288
          ],
          [
            -94.8671704977771,
            29.2862480898544
          ],
          [
            -94.8683383481022,
            29.2868057199349
          ],
          [
            -94.8697513884963,
            29.2875002500364
          ],
          [
            -94.870994837843,
            29.2881083901251
          ],
          [
            -94.8718104480722,
            29.2885507901924
          ],
          [
            -94.8726809583177,
            29.2890454302689
          ],
          [
            -94.8734901535456,
            29.2894979733385
          ]
        ]
      },
      "properties": {
        "csj": "0500-01-119",
        "highway": "IH 45",
        "county": "Galveston",
        "estLetDateRange": "FY 2031-2036"
      }
    },
    {
      "type": "Feature",
      "geometry": {
        "type": "LineString",
        "coordinates": [
          [
            -95.3665666750783,
            29.7728768271132
          ],
          [
            -95.3671981812843,
            29.7738852113005
          ],
          [
            -95.3681369315953,
            29.7754967216024
          ],
          [
            -95.3684593517045,
            29.7761074217178
          ],
          [
            -95.3686235517673,
            29.7765831918106
          ],
          [
            -95.3687125918119,
            29.7770911019124
          ],
          [
            -95.3687419618389,
            29.7775424220046
          ],
          [
            -95.3687060618768,
            29.7786444322331
          ],
          [
            -95.3685266918758,
            29.7796979624562
          ],
          [
            -95.3683905619049,
            29.7811936527692
          ],
          [
            -95.3684857520024,
            29.7828941231168
          ],
          [
            -95.3686137220634,
            29.7835493132477
          ],
          [
            -95.368748332117,
            29.7839886533339
          ],
          [
            -95.3688979921712,
            29.7843537434044
          ],
          [
            -95.3691748822638,
            29.7848486434973
          ],
          [
            -95.3693877523322,
            29.7851644135556
          ],
          [
            -95.3698699324874,
            29.7858859936886
          ],
          [
            -95.3713488529639,
            29.7881067240983
          ],
          [
            -95.3715386530316,
            29.7885439041822
          ],
          [
            -95.3716582730779,
            29.7889032442524
          ],
          [
            -95.3717263031096,
            29.7892338143184
          ],
          [
            -95.3717567531295,
            29.7895162443756
          ],
          [
            -95.3717954832223,
            29.7914431047717
          ],
          [
            -95.3717542032457,
            29.7922367949367
          ],
          [
            -95.3716808332786,
            29.7934433751879
          ],
          [
            -95.3716939833383,
            29.7947543054578
          ],
          [
            -95.3717315534711,
            29.7976201660474
          ],
          [
            -95.3717501935434,
            29.7991900163705
          ],
          [
            -95.3717741835703,
            29.7996738364695
          ],
          [
            -95.3718266436048,
            29.8001614965683
          ],
          [
            -95.3719013136519,
            29.8008089566993
          ],
          [
            -95.3721140937582,
            29.8020075569395
          ],
          [
            -95.3725979039866,
            29.8044181774206
          ],
          [
            -95.3730056941837,
            29.8065587578486
          ],
          [
            -95.3733877043614,
            29.808402018216
          ],
          [
            -95.3735942544458,
            29.8091248283583
          ],
          [
            -95.3738602445483,
            29.8099135885121
          ],
          [
            -95.3741826546667,
            29.810735218671
          ],
          [
            -95.3750985949987,
            29.8129664391009
          ],
          [
            -95.3755439051613,
            29.8140766193151
          ],
          [
            -95.3761079853679,
            29.8154995395899
          ],
          [
            -95.3766309605559,
            29.8167360278276
          ]
        ]
      },
      "properties": {
        "csj": "0500-03-560",
        "highway": "IH 45",
        "county": "Harris",
        "estLetDateRange": "FY 2031-2036"
      }
    },
    {
      "type": "Feature",
      "geometry": {
        "type": "LineString",
        "coordinates": [
          [
            -95.3578259075148,
            29.7422392440756
          ],
          [
            -95.358777417785,
            29.7428238651653
          ],
          [
            -95.3594460679728,
            29.7431847952181
          ],
          [
            -95.3607375583303,
            29.7437621052952
          ],
          [
            -95.3626527688567,
            29.7445292153912
          ],
          [
            -95.3631651089981,
            29.7447485454199
          ],
          [
            -95.3658459397489,
            29.746150925622
          ],
          [
            -95.3683937274713,
            29.7476902458568
          ]
        ]
      },
      "properties": {
        "csj": "0500-03-601",
        "highway": "IH 45",
        "county": "Harris",
        "estLetDateRange": "FY 2031-2036"
      }
    },
    {
      "type": "Feature",
      "geometry": {
        "type": "LineString",
        "coordinates": [
          [
            -95.3151012375577,
            29.6966229290392
          ],
          [
            -95.3151620545728,
            29.696607387034
          ],
          [
            -95.3161784248198,
            29.6962528269278
          ],
          [
            -95.3172085850663,
            29.6958027268014
          ],
          [
            -95.3194386255989,
            29.6948047365229
          ],
          [
            -95.3222103962584,
            29.6935073361649
          ],
          [
            -95.3237872966335,
            29.6927665959608
          ],
          [
            -95.3259216071411,
            29.6917639456844
          ],
          [
            -95.3290875188937,
            29.6902665512724
          ]
        ]
      },
      "properties": {
        "csj": "0271-16-111",
        "highway": "IH 610",
        "county": "Harris",
        "estLetDateRange": "FY 2031-2036"
      }
    },
    {
      "type": "Feature",
      "geometry": {
        "type": "LineString",
        "coordinates": [
          [
            -95.3269760325754,
            29.6955880014407
          ],
          [
            -95.3211979423342,
            29.6778808499671
          ]
        ]
      },
      "properties": {
        "csj": "0178-09-020",
        "highway": "SH 35",
        "county": "Harris",
        "estLetDateRange": "FY 2031-2036"
      }
    }
  ]
}
